starttime	name	testtype	testname	missed	reactiontime	loadingtime
1.718022650536438e9	Alex	Bild	Pinguin	false	0.4413790702819824	0.0
1.718022653406011e9	Alex	Ton	Pfeife (vorne gekürzt)	false	0.3512077331542969	0.0340731143951416
1.71802265639494e9	Alex	Bild	Pinguin	false	0.2825770378112793	0.0
1.71802265934022e9	Alex	Bild	Pinguin	false	0.3033030033111572	0.0
1.718022662609341e9	Alex	Bild	Pinguin	false	0.30957698822021484	0.0
