starttime	name	testtype	testname	missed	reactiontime	loadingtime
1.718023368873741e9	Alex	Ton	Pfeife (vorne gekürzt)	false	0.4429512023925781	0.044035911560058594
1.718023371025037e9	Alex	Bild	Pinguin	false	0.5610978603363037	0.0
1.718023374025768e9	Alex	Bild	Pinguin	false	0.4111778736114502	0.0
