starttime	name	testtype	testname	missed	reactiontime
1.717862695268186e9	Alex	Bild	Pinguin	false	0.4899568557739258
1.717862698444911e9	Alex	Ton	Pfeife (vorne gekürzt)	false	0.49226903915405273
1.7178627021456e9	Alex	Ton	Pfeife	false	0.6078770160675049
1.717862704969004e9	Alex	Ton	Pfeife	false	0.5151541233062744
1.717862707670457e9	Alex	Ton	Pfeife	false	0.5369701385498047
1.717862711396553e9	Alex	Bild	Pinguin	false	0.3482029438018799
1.717862714762322e9	Alex	Ton	Pfeife (vorne gekürzt)	false	0.4327969551086426
1.717862718037067e9	Alex	Bild	Pinguin	false	0.3018300533294678
1.717862720850214e9	Alex	Bild	Pinguin	false	0.3665809631347656
1.717862724713519e9	Alex	Bild	Pinguin	false	0.37340497970581055
1.717862727172525e9	Alex	Bild	Pinguin	false	0.4340500831604004
1.717862729863505e9	Alex	Ton	Pfeife (vorne gekürzt)	false	0.391660213470459
1.717862733952152e9	Alex	Ton	Pfeife	false	0.5226550102233887
1.717862736512986e9	Alex	Bild	Pinguin	false	0.4464111328125
1.717862740304799e9	Alex	Ton	Pfeife (vorne gekürzt)	false	0.4263420104980469
1.717862743911136e9	Alex	Ton	Pfeife (vorne gekürzt)	false	0.4306330680847168
1.717862748095577e9	Alex	Ton	Pfeife (vorne gekürzt)	false	0.40796494483947754
1.717862751850181e9	Alex	Ton	Pfeife	false	0.5032529830932617
1.717862755222602e9	Alex	Ton	Pfeife	false	0.5503170490264893
1.717862757924444e9	Alex	Ton	Pfeife (vorne gekürzt)	false	0.4756460189819336
