starttime	name	testtype	testname	missed	reactiontime	loadingtime
1.718022206758455e9	Alex	Ton	Pfeife (vorne gekürzt)	false	0.33138394355773926	0.03574109077453613
1.718022209818723e9	Alex	Bild	Pinguin	false	0.3560669422149658	0.0
1.7180222122334e9	Alex	Bild	Pinguin	false	0.35380101203918457	0.0
