starttime	name	testtype	testname	missed	reactiontime
1.717860233994041e9	Alex	sound	Pfeife	false	1.17342209815979
1.717860238617807e9	Alex	sound	Pfeife	false	0.6254889965057373
1.71786024143804e9	Alex	image	Pinguin	false	1.0578629970550537
1.717860245690136e9	Alex	image	Pinguin	false	0.4064481258392334
1.717860248394938e9	Alex	image	Pinguin	false	0.3783299922943115
1.717860251002667e9	Alex	image	Pinguin	false	0.3464031219482422
1.71786025505909e9	Alex	sound	Pfeife	false	0.5053989887237549
1.717860258535853e9	Alex	image	Pinguin	false	0.3466360569000244
1.717860261866554e9	Alex	sound	Pfeife	false	0.6283800601959229
1.717860264755197e9	Alex	sound	Pfeife	false	0.6854619979858398
1.717860268422952e9	Alex	image	Pinguin	false	0.3335251808166504
1.717860271182974e9	Alex	sound	Pfeife	false	0.5557727813720703
1.717860274490586e9	Alex	sound	Pfeife	false	0.572314977645874
1.717860277635533e9	Alex	image	Pinguin	false	0.6541697978973389
1.717860280658599e9	Alex	sound	Pfeife	false	0.5570931434631348
1.717860284579568e9	Alex	image	Pinguin	false	0.3428480625152588
1.717860288322464e9	Alex	sound	Pfeife	false	0.5893359184265137
1.717860291962549e9	Alex	image	Pinguin	false	0.34632301330566406
1.717860294373333e9	Alex	image	Pinguin	false	0.34569811820983887
1.717860296910878e9	Alex	image	Pinguin	false	0.3064751625061035
